codigo_dane,desempeno_municipal
18001,66.45
18029,49.49
18094,45.89
18247,65.71
18256,69.64
18410,49.59
18460,69.36
18479,52.06
18610,62.83
18860,92.64
18150,61.63
18753,43.42
18756,53.61
18785,68.71
18205,49.28
18592,64.89
19001,56.52
19022,85.55
19050,67.1
19075,53.52
19100,44.92
19110,51.8
19130,55.62
19137,75.43
19142,49.9
19212,59.08
19290,56.94
19300,86.99
19355,40.99
19364,39.98
19392,78.66
19397,74.48
19450,53.7
19455,76.41
19473,71.04
19513,56.65
19517,43.92
19532,58.49
19533,60.22
19548,82.72
19573,84.43
19585,80.19
19622,91.25
19693,60.76
19698,66.29
19701,39.4
19743,69.09
19760,68.16
19780,36.68
19785,65.8
19807,42.35
19821,53.29
19824,68.68
19256,81.53
19318,85.84
19418,90.7
19809,88.79
19845,66.48
76001,84.08
76036,74.25
76041,86.4
76054,41.41
76111,72.42
76113,64.59
76122,72.78
76126,63.94
76130,75.97
76147,58.57
76243,64.28
76246,65.5
76248,51.95
76250,73.26
76275,56.95
76306,38.92
76318,65.28
76020,43.52
76497,62.34
76520,82.41
76563,64.28
76606,57.39
76616,62.28
76622,88.49
76670,39.36
76736,61.23
76823,52.06
76828,52.72
76834,76.3
76845,34.28
76863,82.81
76869,38.62
76890,56.31
76892,85.89
76895,75.15
76403,53.74
76400,87.13
76377,66.43
76364,70.45
76100,64.93
76233,61.91
76109,52.33
86001,72.85
86219,30.56
86320,47.13
86749,48.47
86755,20.03
86757,46.37
86760,55.14
86865,55.3
86885,42.57
86569,50.61
86568,49.69
86571,51.03
86573,38.96
52683,59.02
52685,48.88
52687,86.31
52560,58.08
52693,54.57
52565,34.1
52694,50.14
52573,61.31
52699,44.01
52585,63.69
52678,49.88
52207,51.21
52210,54.85
52215,32.46
52001,82.18
52019,38.78
52022,27.45
52224,41.18
52036,59.62
52051,42.34
52083,54.49
52110,56.82
52203,61.49
52480,85.48
52506,51.57
52720,50.41
52786,48.19
52788,71.31
52240,48.29
52254,50.37
52258,48.35
52838,52.43
52411,86.98
52885,58.14
52435,39.9
52378,57.83
52381,55.37
52260,63.97
52287,84.69
52317,48.42
52399,56.07
52320,50.26
52405,32.59
52323,70.95
52352,55.34
52354,68.91
52356,66.22
52227,39.3
52233,62.36
52256,37.51
52385,55.42
52418,60.74
52540,49.11
52612,51.43
52079,85.33
52250,45.77
52390,621.852428964253
52427,621.852428964253
52473,621.852428964253
52490,621.852428964253
52520,35.39
52621,54.48
52696,36.99
94001,62.14
94343,37.94
94663,621.852428964253
94883,621.852428964253
94884,621.852428964253
94885,621.852428964253
94886,621.852428964253
94887,621.852428964253
94888,621.852428964253
99624,32.96
99001,73.43
99524,44.03
99773,61.21
85001,78.27
85010,90.51
85015,52.27
85136,49.56
85139,73.3
85162,81.62
85225,41.61
85230,60.99
85263,65.08
85279,53.06
85300,79.64
85315,79.78
85325,65.21
85400,59.76
85410,81.51
85430,73.9
85440,81.02
85125,35.51
85250,56.32
91001,47.67
91263,621.852428964253
91405,621.852428964253
91407,621.852428964253
91430,621.852428964253
91460,621.852428964253
91530,621.852428964253
91536,621.852428964253
91540,32.8
91669,621.852428964253
91798,621.852428964253
97001,48.69
97161,35.94
97511,621.852428964253
97666,46.46
97777,621.852428964253
97889,621.852428964253
95001,56.33
95015,64.01
95025,72.17
95200,62.5
17001,88.31
17013,72.36
17486,68.09
17446,72.45
17444,54.94
17442,60.7
17433,77.67
17388,58.95
17380,57.47
17272,61.45
17174,82.52
17088,55.1
17050,54.24
17042,52.7
17495,58.96
17877,57.8
17873,60.86
17867,43.98
17777,60.76
17665,59.3
17662,50.08
17653,64.68
17616,84.04
17541,65.55
17524,71.55
17513,50.11
17614,63.95
63001,73.75
63111,47.76
63130,67.29
63190,82.43
63212,66.09
63272,85.41
63302,74.82
63401,63.55
63470,71.97
63548,53.18
63594,65.28
63690,75.33
66001,86.13
66045,65.01
66075,69.59
66088,58.54
66170,91.37
66318,60.43
66383,54.07
66400,81.69
66440,44.18
66456,73.38
66572,67.31
66594,72.58
66682,59.55
66687,72.9
05001,91.13
05101,30.52
05107,62.97
05113,62.57
05120,59.36
05093,71.16
05091,51.72
05088,72.96
05086,66.18
05079,61.57
05059,74.24
05055,53.2
05051,32.13
05044,56.54
05042,77.52
05040,57.71
05038,61.07
05036,36.08
05034,50.79
05031,70.04
05030,44.31
05021,51.67
05004,22.85
05002,39.37
05895,62.29
05893,66.8
05890,41.83
05887,58.82
05885,40.92
05861,61.34
05858,76.31
05856,57.38
05854,75.48
05842,41.53
05837,67.26
05819,50.7
05809,81.12
05792,69.05
05790,41.01
05789,48.82
05761,54.68
05756,43.07
05736,48.77
05697,82.3
05690,57.54
05686,75.71
05679,66.95
05306,72.4
05282,53.11
05266,95.41
05264,64.17
05250,61.0
05240,27.22
05237,65.94
05212,77.69
05209,74.55
05206,70.41
05197,68.6
05190,59.58
05172,53.24
05154,70.91
05150,79.35
05148,76.6
05147,73.28
05145,29.82
05142,71.84
05138,72.18
05134,621.852428964253
05129,66.91
05125,64.42
05674,47.97
05670,87.42
05667,35.96
05665,39.35
05664,63.1
05660,54.59
05659,36.4
05658,35.74
05656,81.84
05652,62.75
05649,61.75
05647,58.9
05642,51.72
05628,59.48
05615,90.25
05607,88.15
05604,58.35
05591,50.39
05585,60.94
05579,48.44
05576,71.21
05543,19.18
05541,69.29
05501,50.43
05495,50.54
05490,66.89
05483,66.36
05480,43.32
05467,59.29
05440,80.35
05425,33.43
05411,45.12
05400,39.66
05390,57.29
05376,74.74
05368,61.79
05364,70.55
05360,95.69
05353,73.58
05347,52.86
05321,47.66
05318,84.92
05315,94.95
05313,49.1
05310,48.46
05308,63.97
05234,71.65
05284,53.01
05361,81.5
05847,43.74
05475,46.02
05873,44.37
05045,61.04
27615,82.33
27001,69.83
27006,48.78
27025,25.74
27050,48.65
27073,69.11
27075,93.59
27077,61.67
27099,50.61
27135,75.4
27150,60.99
27160,76.26
27205,80.03
27245,58.56
27250,61.47
27361,86.01
27372,71.65
27413,34.98
27425,87.62
27430,85.83
27450,85.61
27491,73.3
27495,77.83
27580,86.13
27600,91.86
27660,57.08
27745,87.55
27787,83.68
27800,621.852428964253
27810,75.06
52835,34.76
23001,82.49
23068,29.18
23079,52.02
23090,46.51
23162,56.33
23168,50.18
23182,49.94
23189,43.57
23300,33.93
23350,43.48
23417,59.77
23419,77.09
23464,21.63
23500,48.03
23555,37.75
23570,64.77
23574,41.21
23586,57.87
23660,44.5
23670,43.15
23672,51.82
23675,56.86
23678,64.66
23682,55.3
23686,51.37
23815,33.71
23855,65.58
23466,72.3
23580,30.96
23807,63.87
08001,84.07
08078,68.24
08137,56.69
08141,61.81
08296,88.22
08372,64.42
08421,48.04
08433,44.85
08436,76.56
08520,55.12
08549,59.87
08558,61.0
08560,39.34
08573,80.49
08606,49.43
08634,79.4
08638,53.44
08675,41.6
08685,70.14
08758,68.99
08770,47.46
08832,75.88
08849,75.85
13001,95.43
13006,38.26
13030,70.43
13042,50.1
13052,31.1
13062,64.32
13074,94.03
13140,40.81
13160,91.03
13188,66.84
13212,39.18
13222,50.11
13244,52.38
13248,22.19
13268,51.11
13433,63.91
13440,33.41
13442,39.33
13458,55.03
13468,621.852428964253
13473,37.42
13490,35.1
13549,35.76
13580,22.22
13600,32.32
13620,46.28
13647,29.51
13654,58.43
13655,621.852428964253
13657,93.58
13667,84.65
13670,69.26
13673,68.8
13683,78.79
13688,81.87
13744,42.83
13760,25.77
13780,43.85
13810,45.46
13836,53.18
13838,38.46
13873,38.38
13894,50.37
20032,39.77
20060,53.36
20175,38.57
20178,39.58
20228,51.68
20238,53.35
20250,30.72
20295,66.31
20310,42.03
20383,96.31
20400,77.76
20443,67.98
20517,95.16
20550,90.7
20614,82.67
20710,72.43
20750,52.17
20787,62.91
20001,79.35
20013,68.77
20045,75.67
20621,63.21
20570,49.82
20770,73.31
20011,55.75
44078,88.02
44098,59.94
44110,69.14
44279,40.14
44378,79.13
44420,87.81
44855,81.88
44874,86.7
44001,58.81
44035,52.02
44090,84.43
44650,94.42
44847,66.23
44430,52.64
44560,76.02
47541,23.87
47030,75.93
47058,83.24
47161,23.28
47170,35.58
47205,48.41
47258,63.46
47268,69.96
47318,31.19
47460,64.35
47545,29.79
47551,61.49
47555,60.82
47570,62.96
47605,18.77
47660,51.46
47675,37.49
47692,83.95
47703,27.69
47707,64.45
47720,78.86
47745,64.34
47798,24.0
47960,73.28
47980,38.38
47053,53.88
47189,51.0
47288,66.6
47001,85.04
47245,71.02
70001,52.61
70110,63.71
70124,37.92
70204,51.84
70215,60.53
70221,75.1
70230,48.17
70233,34.32
70235,37.37
70265,23.72
70400,48.19
70418,61.68
70429,69.53
70508,69.55
70523,51.93
70670,48.64
70678,69.75
70702,21.02
70708,34.76
70713,57.47
70717,35.11
70742,621.852428964253
70771,39.59
70820,68.47
70823,11.57
70473,58.38
88001,621.852428964253
88564,31.03
81001,55.75
81591,45.87
81220,61.92
81065,64.25
81300,75.55
81736,62.04
81794,75.94
15001,77.4
15022,22.55
15047,55.92
15051,621.852428964253
15087,60.01
15090,55.47
15092,62.52
15097,82.28
15104,66.63
15106,79.05
15109,63.93
15114,65.56
15131,48.47
15135,38.25
15162,79.8
15172,49.24
15176,86.02
15183,58.87
15185,66.96
15187,89.75
15189,56.31
15204,89.77
15212,64.97
15215,85.29
15377,71.0
15380,82.25
15401,80.24
15403,77.46
15542,62.35
15550,44.29
15572,66.42
15580,69.01
15755,70.6
15757,76.21
15759,88.0
15761,64.42
15842,34.42
15861,85.7
15879,80.68
15897,50.18
15218,81.78
15224,55.99
15226,47.86
15232,37.51
15236,51.15
15238,57.55
15244,47.56
15248,67.23
15272,33.81
15276,53.01
15293,84.81
15296,30.7
15299,86.4
15317,58.75
15322,53.02
15325,65.95
15362,40.48
15367,68.56
15368,62.41
15407,63.12
15425,75.52
15442,66.2
15455,57.29
15464,78.69
15466,52.57
15469,49.94
15476,53.76
15480,87.93
15491,75.54
15494,46.12
15500,31.71
15507,73.69
15511,79.49
15514,68.07
15516,82.04
15518,52.04
15522,51.24
15531,54.16
15533,71.79
15537,47.16
15599,64.62
15600,90.38
15621,41.69
15632,57.73
15638,40.71
15646,80.33
15660,71.97
15664,45.74
15667,52.09
15673,49.81
15676,65.59
15681,85.77
15686,65.92
15690,79.91
15693,29.86
15696,74.19
15720,64.74
15723,62.42
15740,86.49
15753,88.2
15762,82.13
15763,87.28
15764,76.06
15774,42.18
15776,70.35
15778,57.26
15790,66.14
15798,62.7
15804,89.57
15806,56.3
15808,46.57
15810,86.34
15814,67.32
15816,64.76
15820,90.85
15822,68.4
15832,62.76
15835,51.16
15837,63.84
15839,76.29
15180,48.35
15223,83.3
15332,24.83
25019,61.59
25035,79.99
25040,82.97
25053,56.74
25086,60.52
25095,72.19
25099,77.05
25120,54.9
25123,85.22
25126,78.19
25148,64.62
25151,66.14
25154,60.12
25168,66.75
25178,45.27
25181,64.15
25183,79.33
25200,57.58
25214,66.66
25224,88.05
25245,47.78
25258,60.17
25269,66.42
25279,55.46
25281,60.28
25286,98.09
25288,65.45
25293,64.64
25295,56.84
25297,90.97
25299,89.05
25312,82.28
25317,55.49
25320,89.17
25322,78.88
25324,72.49
25326,40.98
25328,69.74
25335,69.47
25339,93.47
25368,58.77
25372,46.77
25377,64.66
25386,83.61
25394,42.03
25398,86.11
25402,78.79
25407,81.87
25426,57.65
25430,83.78
25436,62.21
25438,62.4
25483,55.19
25486,64.97
25488,84.23
25489,64.98
25491,78.84
25506,75.08
25513,78.05
25518,50.4
25524,56.47
25530,44.36
25535,68.3
25572,63.84
25580,64.92
25592,81.22
25594,44.55
25596,53.81
25599,54.63
25612,65.02
25645,60.96
25649,75.52
25653,71.96
25658,67.71
25718,77.48
25736,66.87
25743,54.64
25745,74.03
25758,88.1
25769,69.86
25772,54.91
25777,66.96
25779,74.6
25781,77.2
25785,69.19
25793,81.09
25797,56.83
25799,76.73
25805,79.11
25807,82.25
25815,58.42
25817,67.95
25823,57.36
25839,56.29
25841,69.83
25843,96.06
25845,74.41
25851,57.1
25862,68.84
25867,88.47
25871,49.8
25873,69.28
25875,85.12
25878,66.81
25885,92.02
25898,83.77
25899,68.18
25001,76.41
54001,79.76
54003,79.3
54051,74.1
54099,43.94
54109,83.45
54125,83.86
54128,51.58
54172,85.65
54223,67.17
54239,57.69
54261,70.29
54313,68.51
54344,56.92
54347,63.93
54377,67.92
54385,43.78
54398,65.7
54405,83.57
54418,32.7
54480,69.07
54498,65.09
54518,76.76
54520,71.35
54553,79.11
54599,80.66
54660,65.55
54670,72.67
54673,79.14
54680,43.4
54720,48.01
54743,55.03
54871,53.43
54874,81.11
54174,52.75
54206,65.22
54245,93.47
54800,54.96
54810,62.75
54820,44.47
54250,79.61
11001,97.22
50001,64.81
50006,82.57
50110,38.6
50124,56.1
50150,69.75
50223,52.87
50226,53.26
50245,26.42
50251,62.88
50270,58.17
50287,54.98
50313,85.87
50318,75.74
50330,72.63
50370,54.69
50400,71.1
50450,73.93
50573,74.14
50577,40.73
50590,52.09
50606,74.38
50680,65.22
50683,73.48
50686,24.79
50689,61.65
50711,64.38
50350,54.03
50325,44.68
50568,71.58
41001,85.18
41306,44.06
41319,62.79
41349,90.71
41357,67.38
41359,58.99
41378,61.87
41396,75.76
41483,76.61
41503,71.71
41518,83.04
41524,84.23
41530,72.37
41548,59.49
41551,63.99
41615,85.97
41660,89.28
41668,72.7
41676,79.52
41770,71.98
41791,64.04
41797,69.88
41799,78.26
41801,70.75
41807,80.33
41872,80.09
41885,78.32
41298,69.82
41244,65.24
41206,56.69
41132,77.51
41078,75.78
41026,68.17
41020,81.18
41016,74.17
41013,64.91
41006,73.96
68013,29.87
68020,70.44
68051,59.23
68077,65.47
68079,75.19
68081,68.13
68092,61.04
68121,54.05
68132,27.97
68147,40.78
68152,64.92
68160,43.03
68162,65.47
68167,76.23
68169,88.05
68176,53.65
68179,53.65
68190,55.13
68207,60.98
68209,63.86
68615,70.46
68655,51.0
68669,71.39
68673,45.77
68679,81.48
68682,58.91
68684,50.3
68686,39.1
68689,45.65
68705,63.17
68720,67.23
68745,77.6
68755,81.47
68770,49.86
68773,58.08
68780,33.96
68820,51.43
68855,82.67
68861,62.81
68867,68.5
68872,59.79
68895,71.42
68370,58.19
68377,69.76
68385,57.99
68397,76.53
68406,71.47
68418,44.73
68425,36.02
68432,55.53
68444,43.16
68464,70.85
68468,72.37
68498,49.63
68500,57.32
68502,63.61
68522,78.02
68524,60.94
68533,78.71
68549,67.37
68572,70.88
68573,621.852428964253
68575,56.1
68211,75.18
68217,69.77
68229,67.94
68235,79.62
68245,71.34
68255,63.14
68264,75.7
68266,59.34
68271,79.73
68296,64.65
68298,47.94
68318,62.49
68320,61.23
68322,53.15
68324,70.15
68327,71.01
68344,49.86
68368,68.25
68307,66.63
68276,84.55
68101,66.14
68250,81.73
68547,68.72
68001,84.6
73001,85.2
73024,70.92
73026,55.09
73030,64.88
73043,61.99
73055,53.13
73067,69.65
73124,40.77
73148,66.86
73152,49.17
73168,59.49
73200,64.84
73217,41.31
73226,63.71
73236,70.39
73268,52.38
73270,28.07
73275,72.06
73283,52.4
73319,65.26
73347,67.1
73352,48.83
73408,78.49
73411,76.94
73443,54.84
73449,75.16
73461,41.1
73483,28.34
73504,70.29
73520,61.19
73547,65.0
73555,57.38
73563,61.56
73585,71.7
73616,64.82
73622,35.99
73624,39.2
73671,38.23
73675,73.73
73678,77.22
73686,51.3
73770,48.5
73854,55.56
73861,56.1
73870,59.49
73873,39.89
13300,88.61
13650,64.62
13430,56.93
25307,57.82
25754,65.71
25175,72.83
25260,75.26
25473,91.77
25740,80.29
25290,77.06
25662,68.32
73349,43.3
05631,97.72
05380,80.52
